	CREATE DATABASE QuanLyTraSuaDB;
	USE QuanLyTraSuaDB;

	-- Bảng KHACH_HANG
	CREATE TABLE KHACH_HANG (
		MA_KHACH_HANG CHAR(5) PRIMARY KEY,
		HO_TEN NVARCHAR(100) NOT NULL,
		SO_DIEN_THOAI NVARCHAR(20) NOT NULL,
		EMAIL NVARCHAR(100),
		DIA_CHI NVARCHAR(255)
	);

	SELECT * FROM KHACH_HANG

	-- Bảng SAN_PHAM
	CREATE TABLE SAN_PHAM (
		MA_SAN_PHAM CHAR(5) PRIMARY KEY,
		TEN_SAN_PHAM NVARCHAR(100) NOT NULL,
		MO_TA NVARCHAR(255),
		GIA FLOAT NOT NULL
	);

	SELECT * FROM SAN_PHAM

	-- Bảng NHAN_VIEN
	CREATE TABLE NHAN_VIEN (
		MA_NHAN_VIEN CHAR(5) PRIMARY KEY,
		HO_TEN NVARCHAR(100) NOT NULL,
		SO_DIEN_THOAI NVARCHAR(20) NOT NULL,
		EMAIL NVARCHAR(100),
		CHUC_VU NVARCHAR(100) NOT NULL
	);

	SELECT * FROM NHAN_VIEN

	-- Bảng DON_HANG
	CREATE TABLE DON_HANG (
		MA_DON_HANG CHAR(5) PRIMARY KEY,
		MA_KHACH_HANG CHAR(5),
		MA_NHAN_VIEN CHAR(5),
		NGAY_DAT_HANG DATE NOT NULL DEFAULT GETDATE(),
		TONG_TIEN FLOAT,
		CONSTRAINT FK_DONHANG_KHACHHANG FOREIGN KEY (MA_KHACH_HANG) REFERENCES KHACH_HANG(MA_KHACH_HANG),
		CONSTRAINT FK_DONHANG_NHANVIEN FOREIGN KEY (MA_NHAN_VIEN) REFERENCES NHAN_VIEN(MA_NHAN_VIEN)
	);

	SELECT * FROM DON_HANG

	-- Bảng CHI_TIET_DON_HANG
	CREATE TABLE CHI_TIET_DON_HANG (
		MA_CHI_TIET_DON_HANG CHAR(5) PRIMARY KEY,
		MA_DON_HANG CHAR(5),
		MA_SAN_PHAM CHAR(5),
		MA_NHAN_VIEN CHAR(5),
		SO_LUONG INT NOT NULL,
		GIA FLOAT,
		CONSTRAINT FK_CHITIETDH_DONHANG FOREIGN KEY (MA_DON_HANG) REFERENCES DON_HANG(MA_DON_HANG),
		CONSTRAINT FK_CHITIETDH_SANPHAM FOREIGN KEY (MA_SAN_PHAM) REFERENCES SAN_PHAM(MA_SAN_PHAM)
	);

	SELECT * FROM CHI_TIET_DON_HANG

	-- Bảng NHA_CUNG_CAP
	CREATE TABLE NHA_CUNG_CAP (
		MA_NHA_CUNG_CAP CHAR(5) PRIMARY KEY,
		TEN_NHA_CUNG_CAP NVARCHAR(100) NOT NULL,
		SO_DIEN_THOAI NVARCHAR(20),
		EMAIL NVARCHAR(100),
		DIA_CHI NVARCHAR(255)
	);

	SELECT * FROM NHA_CUNG_CAP

	-- Bảng KHO
	CREATE TABLE KHO (
		MA_KHO CHAR(5) PRIMARY KEY,
		MA_SAN_PHAM CHAR(5),
		MA_NHA_CUNG_CAP CHAR(5),
		SO_LUONG INT NOT NULL,
		NGAY_CAP_NHAT DATE NOT NULL DEFAULT GETDATE(),
		CONSTRAINT FK_KHO_SANPHAM FOREIGN KEY (MA_SAN_PHAM) REFERENCES SAN_PHAM(MA_SAN_PHAM),
		CONSTRAINT FK_KHO_NHACUNGCAP FOREIGN KEY (MA_NHA_CUNG_CAP) REFERENCES NHA_CUNG_CAP(MA_NHA_CUNG_CAP)
	);

	SELECT * FROM KHO

	-- Ràng buộc UNIQUE cho Email của KHACH_HANG
	ALTER TABLE KHACH_HANG
	ADD CONSTRAINT UQ_KHACH_HANG_EMAIL UNIQUE (EMAIL);

	-- Ràng buộc UNIQUE cho Email của NHAN_VIEN
	ALTER TABLE NHAN_VIEN
	ADD CONSTRAINT UQ_NHAN_VIEN_EMAIL UNIQUE (EMAIL);

	-- Ràng buộc CHECK cho giá sản phẩm (GIA) phải lớn hơn 0
	ALTER TABLE SAN_PHAM
	ADD CONSTRAINT CK_SAN_PHAM_GIA CHECK (GIA > 0);

	-- Ràng buộc CHECK cho số lượng tồn kho (SO_LUONG) phải lớn hơn hoặc bằng 0
	ALTER TABLE KHO
	ADD CONSTRAINT CK_KHO_SO_LUONG CHECK (SO_LUONG >= 0);

	ALTER TABLE NHAN_VIEN
	ADD CONSTRAINT DF_NHAN_VIEN_CHUC_VU
	DEFAULT N'Nhân viên' FOR CHUC_VU;

	SELECT * FROM NHAN_VIEN


	-- nhập liệu cho các bảng
	INSERT INTO KHACH_HANG (MA_KHACH_HANG, HO_TEN, SO_DIEN_THOAI, EMAIL, DIA_CHI)
	VALUES ('KH001', N'Nguyễn Văn A', '0912345678', 'nguyenvana@gmail.com', N'123 Đường ABC, Quận 1, TP.HCM');

	INSERT INTO KHACH_HANG (MA_KHACH_HANG, HO_TEN, SO_DIEN_THOAI, EMAIL, DIA_CHI)
	VALUES ('KH002', N'Trần Thị B', '0987654321', 'tranthib@gmail.com', N'456 Đường XYZ, Quận 2, TP.HCM');

	INSERT INTO KHACH_HANG (MA_KHACH_HANG, HO_TEN, SO_DIEN_THOAI, EMAIL, DIA_CHI)
	VALUES ('KH003', N'Lê Văn C', '0901234567', 'levanc@gmail.com', N'789 Đường DEF, Quận 3, TP.HCM');

	INSERT INTO KHACH_HANG (MA_KHACH_HANG, HO_TEN, SO_DIEN_THOAI, EMAIL, DIA_CHI)
	VALUES ('KH004', N'Phạm Thị D', '0934567890', 'phamthid@gmail.com', N'321 Đường GHI, Quận 4, TP.HCM');

	INSERT INTO KHACH_HANG (MA_KHACH_HANG, HO_TEN, SO_DIEN_THOAI, EMAIL, DIA_CHI)
	VALUES ('KH005', N'Vũ Văn E', '0923456789', 'vuvane@gmail.com', N'654 Đường JKL, Quận 5, TP.HCM');

	INSERT INTO KHACH_HANG (MA_KHACH_HANG, HO_TEN, SO_DIEN_THOAI, EMAIL, DIA_CHI)
	VALUES ('KH006', N'Hoàng Thị F', '0918765432', 'hoangthif@gmail.com', N'987 Đường MNO, Quận 6, TP.HCM');

	INSERT INTO KHACH_HANG (MA_KHACH_HANG, HO_TEN, SO_DIEN_THOAI, EMAIL, DIA_CHI)
	VALUES ('KH007', N'Ngô Văn G', '0912349876', 'ngovang@gmail.com', N'111 Đường PQR, Quận 7, TP.HCM');

	INSERT INTO KHACH_HANG (MA_KHACH_HANG, HO_TEN, SO_DIEN_THOAI, EMAIL, DIA_CHI)
	VALUES ('KH008', N'Phan Thị H', '0908765432', 'phanthih@gmail.com', N'222 Đường STU, Quận 8, TP.HCM');

	INSERT INTO KHACH_HANG (MA_KHACH_HANG, HO_TEN, SO_DIEN_THOAI, EMAIL, DIA_CHI)
	VALUES ('KH009', N'Tô Văn I', '0932109876', 'tovanii@gmail.com', N'333 Đường VWX, Quận 9, TP.HCM');

	INSERT INTO KHACH_HANG (MA_KHACH_HANG, HO_TEN, SO_DIEN_THOAI, EMAIL, DIA_CHI)
	VALUES ('KH010', N'Đinh Thị J', '0945671234', 'dinhthij@gmail.com', N'444 Đường YZ, Quận 10, TP.HCM');

	SELECT * FROM KHACH_HANG

	-- nhập liệu cho sản phẩm
	INSERT INTO SAN_PHAM (MA_SAN_PHAM, TEN_SAN_PHAM, MO_TA, GIA)
	VALUES ('SP001', N'Trà sữa trân châu đường đen', N'Trà sữa với trân châu dai ngon và đường đen thơm ngon', 35000);

	INSERT INTO SAN_PHAM (MA_SAN_PHAM, TEN_SAN_PHAM, MO_TA, GIA)
	VALUES ('SP002', N'Trà sữa matcha', N'Trà sữa vị matcha thơm mát, kết hợp với trân châu trắng', 40000);

	INSERT INTO SAN_PHAM (MA_SAN_PHAM, TEN_SAN_PHAM, MO_TA, GIA)
	VALUES ('SP003', N'Trà đào cam sả', N'Trà trái cây với vị đào tươi mát, kết hợp với cam và sả', 45000);

	INSERT INTO SAN_PHAM (MA_SAN_PHAM, TEN_SAN_PHAM, MO_TA, GIA)
	VALUES ('SP004', N'Trà xanh sữa', N'Trà sữa vị trà xanh, thơm ngon và mát lạnh', 38000);

	INSERT INTO SAN_PHAM (MA_SAN_PHAM, TEN_SAN_PHAM, MO_TA, GIA)
	VALUES ('SP005', N'Trà sữa oolong', N'Trà sữa vị oolong đậm đà, kết hợp với trân châu hoàng kim', 42000);

	INSERT INTO SAN_PHAM (MA_SAN_PHAM, TEN_SAN_PHAM, MO_TA, GIA)
	VALUES ('SP006', N'Trà sữa socola', N'Trà sữa vị socola đậm đà, kết hợp với hạt trân châu mềm dẻo', 40000);

	INSERT INTO SAN_PHAM (MA_SAN_PHAM, TEN_SAN_PHAM, MO_TA, GIA)
	VALUES ('SP007', N'Trà sữa hạt dẻ', N'Trà sữa với vị hạt dẻ béo ngậy, thơm ngon', 43000);

	INSERT INTO SAN_PHAM (MA_SAN_PHAM, TEN_SAN_PHAM, MO_TA, GIA)
	VALUES ('SP008', N'Sữa tươi trân châu đường đen', N'Sữa tươi kết hợp với trân châu đường đen đặc biệt', 37000);

	INSERT INTO SAN_PHAM (MA_SAN_PHAM, TEN_SAN_PHAM, MO_TA, GIA)
	VALUES ('SP009', N'Trà sữa hồng trà', N'Trà sữa với hương vị hồng trà đậm đà, kết hợp với trân châu', 39000);

	INSERT INTO SAN_PHAM (MA_SAN_PHAM, TEN_SAN_PHAM, MO_TA, GIA)
	VALUES ('SP010', N'Trà sữa dâu tây', N'Trà sữa vị dâu tây thơm mát, kết hợp với thạch Trài cây', 42000);

	SELECT * FROM SAN_PHAM

	-- NHẬP LIỆU CHO NHÂN VIÊN
	INSERT INTO NHAN_VIEN (MA_NHAN_VIEN, HO_TEN, SO_DIEN_THOAI, EMAIL, CHUC_VU)
	VALUES ('NV001', N'Phạm Văn K', '0912345678', 'phamvank@gmail.com', N'Nhân viên pha chế');

	INSERT INTO NHAN_VIEN (MA_NHAN_VIEN, HO_TEN, SO_DIEN_THOAI, EMAIL, CHUC_VU)
	VALUES ('NV002', N'Nguyễn Thị L', '0987654321', 'nguyenthil@gmail.com', N'Nhân viên pha chế');

	INSERT INTO NHAN_VIEN (MA_NHAN_VIEN, HO_TEN, SO_DIEN_THOAI, EMAIL, CHUC_VU)
	VALUES ('NV003', N'Trương Văn M', '0901234567', 'truongvanm@gmail.com', N'Nhân viên pha chế');

	INSERT INTO NHAN_VIEN (MA_NHAN_VIEN, HO_TEN, SO_DIEN_THOAI, EMAIL, CHUC_VU)
	VALUES ('NV004', N'Đào Thị N', '0934567890', 'daothin@gmail.com', N'Nhân viên pha chế');

	INSERT INTO NHAN_VIEN (MA_NHAN_VIEN, HO_TEN, SO_DIEN_THOAI, EMAIL, CHUC_VU)
	VALUES ('NV005', N'Lý Văn O', '0923456789', 'lyvano@gmail.com', N'Nhân viên pha chế');

	INSERT INTO NHAN_VIEN (MA_NHAN_VIEN, HO_TEN, SO_DIEN_THOAI, EMAIL, CHUC_VU)
	VALUES ('NV006', N'Nguyễn Thị P', '0945678901', 'nguyenthp@gmail.com', N'Nhân viên pha chế');

	INSERT INTO NHAN_VIEN (MA_NHAN_VIEN, HO_TEN, SO_DIEN_THOAI, EMAIL, CHUC_VU)
	VALUES ('NV007', N'Trần Văn Q', '0956789012', 'tranvanq@gmail.com', N'Nhân viên pha chế');

	INSERT INTO NHAN_VIEN (MA_NHAN_VIEN, HO_TEN, SO_DIEN_THOAI, EMAIL, CHUC_VU)
	VALUES ('NV008', N'Lê Thị R', '0967890123', 'lethir@gmail.com', N'Nhân viên pha chế');

	INSERT INTO NHAN_VIEN (MA_NHAN_VIEN, HO_TEN, SO_DIEN_THOAI, EMAIL, CHUC_VU)
	VALUES ('NV009', N'Võ Văn S', '0978901234', 'vovans@gmail.com', N'Nhân viên pha chế');

	INSERT INTO NHAN_VIEN (MA_NHAN_VIEN, HO_TEN, SO_DIEN_THOAI, EMAIL, CHUC_VU)
	VALUES ('NV010', N'Phạm Thị T', '0989012345', 'phamthit@gmail.com', N'Nhân viên pha chế');


	SELECT * FROM NHAN_VIEN

	-- NHẬP LIỆU CHO ĐƠN HÀNG
	INSERT INTO DON_HANG (MA_DON_HANG, MA_KHACH_HANG, MA_NHAN_VIEN, NGAY_DAT_HANG, TONG_TIEN)
	VALUES ('DH001', 'KH003', 'NV007', '2024-08-01', NULL);

	INSERT INTO DON_HANG (MA_DON_HANG, MA_KHACH_HANG, MA_NHAN_VIEN, NGAY_DAT_HANG, TONG_TIEN)
	VALUES ('DH002', 'KH007', 'NV010', '2024-08-02', NULL);

	INSERT INTO DON_HANG (MA_DON_HANG, MA_KHACH_HANG, MA_NHAN_VIEN, NGAY_DAT_HANG, TONG_TIEN)
	VALUES ('DH003', 'KH001', 'NV005', '2024-08-03', NULL);

	INSERT INTO DON_HANG (MA_DON_HANG, MA_KHACH_HANG, MA_NHAN_VIEN, NGAY_DAT_HANG, TONG_TIEN)
	VALUES ('DH004', 'KH005', 'NV008', '2024-08-04', NULL);

	INSERT INTO DON_HANG (MA_DON_HANG, MA_KHACH_HANG, MA_NHAN_VIEN, NGAY_DAT_HANG, TONG_TIEN)
	VALUES ('DH005', 'KH010', 'NV003', '2024-08-05', NULL);

	INSERT INTO DON_HANG (MA_DON_HANG, MA_KHACH_HANG, MA_NHAN_VIEN, NGAY_DAT_HANG, TONG_TIEN)
	VALUES ('DH006', 'KH002', 'NV009', '2024-08-06', NULL);

	INSERT INTO DON_HANG (MA_DON_HANG, MA_KHACH_HANG, MA_NHAN_VIEN, NGAY_DAT_HANG, TONG_TIEN)
	VALUES ('DH007', 'KH006', 'NV002', '2024-08-07', NULL);

	INSERT INTO DON_HANG (MA_DON_HANG, MA_KHACH_HANG, MA_NHAN_VIEN, NGAY_DAT_HANG, TONG_TIEN)
	VALUES ('DH008', 'KH009', 'NV001', '2024-08-08', NULL);

	INSERT INTO DON_HANG (MA_DON_HANG, MA_KHACH_HANG, MA_NHAN_VIEN, NGAY_DAT_HANG, TONG_TIEN)
	VALUES ('DH009', 'KH004', 'NV004', '2024-08-09', NULL);

	INSERT INTO DON_HANG (MA_DON_HANG, MA_KHACH_HANG, MA_NHAN_VIEN, NGAY_DAT_HANG, TONG_TIEN)
	VALUES ('DH010', 'KH008', 'NV006', '2024-08-10', NULL);

	SELECT * FROM DON_HANG

	-- NHẬP LIỆU CHO CHI TIẾT ĐƠN HÀNG
	INSERT INTO CHI_TIET_DON_HANG (MA_CHI_TIET_DON_HANG, MA_DON_HANG, MA_SAN_PHAM, MA_NHAN_VIEN, SO_LUONG, GIA)
	VALUES ('CT001', 'DH001', 'SP001', 'NV007', 2, NULL);

	INSERT INTO CHI_TIET_DON_HANG (MA_CHI_TIET_DON_HANG, MA_DON_HANG, MA_SAN_PHAM, MA_NHAN_VIEN, SO_LUONG, GIA)
	VALUES ('CT002', 'DH002', 'SP003', 'NV010', 1, NULL);

	INSERT INTO CHI_TIET_DON_HANG (MA_CHI_TIET_DON_HANG, MA_DON_HANG, MA_SAN_PHAM, MA_NHAN_VIEN, SO_LUONG, GIA)
	VALUES ('CT003', 'DH003', 'SP004', 'NV005', 3, NULL);

	INSERT INTO CHI_TIET_DON_HANG (MA_CHI_TIET_DON_HANG, MA_DON_HANG, MA_SAN_PHAM, MA_NHAN_VIEN, SO_LUONG, GIA)
	VALUES ('CT004', 'DH004', 'SP002', 'NV008', 1, NULL);

	INSERT INTO CHI_TIET_DON_HANG (MA_CHI_TIET_DON_HANG, MA_DON_HANG, MA_SAN_PHAM, MA_NHAN_VIEN, SO_LUONG, GIA)
	VALUES ('CT005', 'DH005', 'SP007', 'NV003', 2, NULL);

	INSERT INTO CHI_TIET_DON_HANG (MA_CHI_TIET_DON_HANG, MA_DON_HANG, MA_SAN_PHAM, MA_NHAN_VIEN, SO_LUONG, GIA)
	VALUES ('CT006', 'DH006', 'SP005', 'NV009', 4, NULL);

	INSERT INTO CHI_TIET_DON_HANG (MA_CHI_TIET_DON_HANG, MA_DON_HANG, MA_SAN_PHAM, MA_NHAN_VIEN, SO_LUONG, GIA)
	VALUES ('CT007', 'DH007', 'SP008', 'NV002', 1, NULL);

	INSERT INTO CHI_TIET_DON_HANG (MA_CHI_TIET_DON_HANG, MA_DON_HANG, MA_SAN_PHAM, MA_NHAN_VIEN, SO_LUONG, GIA)
	VALUES ('CT008', 'DH008', 'SP009', 'NV001', 3, NULL);

	INSERT INTO CHI_TIET_DON_HANG (MA_CHI_TIET_DON_HANG, MA_DON_HANG, MA_SAN_PHAM, MA_NHAN_VIEN, SO_LUONG, GIA)
	VALUES ('CT009', 'DH009', 'SP006', 'NV004', 2, NULL);

	INSERT INTO CHI_TIET_DON_HANG (MA_CHI_TIET_DON_HANG, MA_DON_HANG, MA_SAN_PHAM, MA_NHAN_VIEN, SO_LUONG, GIA)
	VALUES ('CT010', 'DH010', 'SP010', 'NV006', 5, NULL);

	SELECT * FROM CHI_TIET_DON_HANG

	-- NHẬP LIỆU CHO NHÀ CUNG CẤP
	INSERT INTO NHA_CUNG_CAP (MA_NHA_CUNG_CAP, TEN_NHA_CUNG_CAP, SO_DIEN_THOAI, EMAIL, DIA_CHI)
	VALUES ('NCC01', N'Trà Sữa Sài Gòn', '0901234567', 'trasuasaigon@gmail.com', N'123 Đường A, Quận 1, TP. HCM');

	INSERT INTO NHA_CUNG_CAP (MA_NHA_CUNG_CAP, TEN_NHA_CUNG_CAP, SO_DIEN_THOAI, EMAIL, DIA_CHI)
	VALUES ('NCC02', N'Thực Phẩm Trà Sữa', '0912345678', 'thucphamtrasua@gmail.com', N'456 Đường B, Quận 2, TP. HCM');

	INSERT INTO NHA_CUNG_CAP (MA_NHA_CUNG_CAP, TEN_NHA_CUNG_CAP, SO_DIEN_THOAI, EMAIL, DIA_CHI)
	VALUES ('NCC03', N'Nguyên Liệu Trà Sữa ABC', '0923456789', 'nguyenlieutrasuaabc@gmail.com', N'789 Đường C, Quận 3, TP. HCM');

	INSERT INTO NHA_CUNG_CAP (MA_NHA_CUNG_CAP, TEN_NHA_CUNG_CAP, SO_DIEN_THOAI, EMAIL, DIA_CHI)
	VALUES ('NCC04', N'Trà Sữa Xanh', '0934567890', 'trasuaxanh@gmail.com', N'101 Đường D, Quận 4, TP. HCM');

	INSERT INTO NHA_CUNG_CAP (MA_NHA_CUNG_CAP, TEN_NHA_CUNG_CAP, SO_DIEN_THOAI, EMAIL, DIA_CHI)
	VALUES ('NCC05', N'Sản Phẩm Trà Sữa GHI', '0945678901', 'sanphamtrasuaghi@gmail.com', N'202 Đường E, Quận 5, TP. HCM');

	INSERT INTO NHA_CUNG_CAP (MA_NHA_CUNG_CAP, TEN_NHA_CUNG_CAP, SO_DIEN_THOAI, EMAIL, DIA_CHI)
	VALUES ('NCC06', N'Nguyên Liệu Trà Sữa 123', '0956789012', 'nguyenlieutrasua123@gmail.com', N'303 Đường F, Quận 6, TP. HCM');

	INSERT INTO NHA_CUNG_CAP (MA_NHA_CUNG_CAP, TEN_NHA_CUNG_CAP, SO_DIEN_THOAI, EMAIL, DIA_CHI)
	VALUES ('NCC07', N'Trà Sữa Hưng Thịnh', '0967890123', 'trasuahungthinh@gmail.com', N'404 Đường G, Quận 7, TP. HCM');

	INSERT INTO NHA_CUNG_CAP (MA_NHA_CUNG_CAP, TEN_NHA_CUNG_CAP, SO_DIEN_THOAI, EMAIL, DIA_CHI)
	VALUES ('NCC08', N'Đại Lý Trà Sữa', '0978901234', 'dailyttrasua@gmail.com', N'505 Đường H, Quận 8, TP. HCM');

	INSERT INTO NHA_CUNG_CAP (MA_NHA_CUNG_CAP, TEN_NHA_CUNG_CAP, SO_DIEN_THOAI, EMAIL, DIA_CHI)
	VALUES ('NCC09', N'Trà Sữa Cao Cấp', '0989012345', 'trasuacaocap@gmail.com', N'606 Đường I, Quận 9, TP. HCM');

	INSERT INTO NHA_CUNG_CAP (MA_NHA_CUNG_CAP, TEN_NHA_CUNG_CAP, SO_DIEN_THOAI, EMAIL, DIA_CHI)
	VALUES ('NCC10', N'Sản Phẩm Trà Sữa Hiệu X', '0990123456', 'sanphamtrasuax@gmail.com', N'707 Đường J, Quận 10, TP. HCM');


	SELECT * FROM NHA_CUNG_CAP

	-- nhập liệu kho
	INSERT INTO KHO (MA_KHO, MA_SAN_PHAM, MA_NHA_CUNG_CAP, SO_LUONG, NGAY_CAP_NHAT)
	VALUES ('KHO01', 'SP001', 'NCC03', 75, '2024-07-25');

	INSERT INTO KHO (MA_KHO, MA_SAN_PHAM, MA_NHA_CUNG_CAP, SO_LUONG, NGAY_CAP_NHAT)
	VALUES ('KHO02', 'SP007', 'NCC02', 200, '2024-07-30');

	INSERT INTO KHO (MA_KHO, MA_SAN_PHAM, MA_NHA_CUNG_CAP, SO_LUONG, NGAY_CAP_NHAT)
	VALUES ('KHO03', 'SP005', 'NCC08', 130, '2024-07-20');

	INSERT INTO KHO (MA_KHO, MA_SAN_PHAM, MA_NHA_CUNG_CAP, SO_LUONG, NGAY_CAP_NHAT)
	VALUES ('KHO04', 'SP010', 'NCC06', 90, '2024-07-15');

	INSERT INTO KHO (MA_KHO, MA_SAN_PHAM, MA_NHA_CUNG_CAP, SO_LUONG, NGAY_CAP_NHAT)
	VALUES ('KHO05', 'SP002', 'NCC10', 160, '2024-07-05');

	INSERT INTO KHO (MA_KHO, MA_SAN_PHAM, MA_NHA_CUNG_CAP, SO_LUONG, NGAY_CAP_NHAT)
	VALUES ('KHO06', 'SP003', 'NCC07', 85, '2024-06-20');

	INSERT INTO KHO (MA_KHO, MA_SAN_PHAM, MA_NHA_CUNG_CAP, SO_LUONG, NGAY_CAP_NHAT)
	VALUES ('KHO07', 'SP006', 'NCC09', 190, '2024-06-25');

	INSERT INTO KHO (MA_KHO, MA_SAN_PHAM, MA_NHA_CUNG_CAP, SO_LUONG, NGAY_CAP_NHAT)
	VALUES ('KHO08', 'SP008', 'NCC05', 145, '2024-06-30');

	INSERT INTO KHO (MA_KHO, MA_SAN_PHAM, MA_NHA_CUNG_CAP, SO_LUONG, NGAY_CAP_NHAT)
	VALUES ('KHO09', 'SP009', 'NCC04', 110, '2024-07-02');

	INSERT INTO KHO (MA_KHO, MA_SAN_PHAM, MA_NHA_CUNG_CAP, SO_LUONG, NGAY_CAP_NHAT)
	VALUES ('KHO10', 'SP004', 'NCC01', 165, '2024-07-10');

	SELECT * FROM KHO











